fulcrum_id,created_at,updated_at,created_by,updated_by,system_created_at,system_updated_at,version,status,project,assigned_to,latitude,longitude,geometry,analysis_id,measured_by,measured_by_other,date_started,analysis_remarks,ndf_correction_factors,adf_correction_factors,adl_correction_factors,ashing_correction_factors,sample_photos,sample_photos_caption,sample_photos_url,lab_notebook_photos,lab_notebook_photos_caption,lab_notebook_photos_url,analysis_audio_remarks,analysis_audio_remarks_caption,analysis_audio_remarks_url,deleted_by,date_deleted,rejected_by,date_rejected,verified_by,date_verified,submitted_by,date_submitted,approved_by,date_approved,published_by,date_published,one_hidden_variable,number_of_rejections
b00667a8-6cda-4742-afe7-fe5caa6eb7ab,2018-12-05 05:38:58 EST,2018-12-05 05:40:51 EST,etienne.laliberte@umontreal.ca,etienne.laliberte@umontreal.ca,2018-12-05 05:40:53 EST,2018-12-05 05:40:53 EST,1,,CABO-test,,,,,,Etienne Laliberté,,2018-12-05,,"1.1, 0.894308943089431, ",,,,,,,,,,,,,,,,,,,,,,,,,,
25f63589-0c9b-46d8-8f38-65a527cea751,2018-12-05 08:19:29 EST,2018-12-05 08:24:48 EST,etienne.laliberte@umontreal.ca,etienne.laliberte@umontreal.ca,2018-12-05 08:24:51 EST,2018-12-05 08:24:51 EST,1,,CABO-test,,,,,,Etienne Laliberté,,2018-12-05,Test,"1.00908248378128, ","1.00463392029657, ","1.0014828544949, ","0, ",,,,,,,,,,,,,,,,,,,,,,,
4d5b6f8c-e825-4a7c-82d6-c91bf78dbd64,2018-12-05 09:12:52 EST,2018-12-05 09:38:56 EST,etienne.laliberte@umontreal.ca,etienne.laliberte@umontreal.ca,2018-12-05 09:12:57 EST,2018-12-05 09:38:58 EST,2,,CABO-test,,,,,24876714,Etienne Laliberté,,2018-12-05,,,,,,,,,,,,,,,,,,,,,,,,,,,,
ac79a612-2569-4d79-af93-9710012d9d18,2018-12-10 14:29:54 EST,2018-12-10 14:57:36 EST,etienne.laliberte@umontreal.ca,etienne.laliberte@umontreal.ca,2018-12-10 14:38:17 EST,2018-12-10 14:57:39 EST,3,,CABO-test,,,,,25327736,Etienne Laliberté,,2018-12-10,,"1.00908248378128, , ","1.00463392029657, , ","1.0014828544949, , ","0.00370713623726125, , ",,,,,,,,,,,,,,,,,,,,,,,
422a23c6-4a6f-44d7-9e64-b00fbea15c69,2018-12-13 19:15:09 EST,2018-12-13 20:23:01 EST,jeremy.goimard@gmail.com,jeremy.goimard@gmail.com,2018-12-13 19:18:23 EST,2018-12-13 20:23:07 EST,2,,CABO-test,,,,,25604051,Jérémy Goimard,,2018-12-13,,,,,,,,,,,,,,,,,,,,,,,,,,,,
2099efce-92a8-48fb-b559-495a3163896d,2018-12-20 10:31:15 EST,2018-12-20 10:47:23 EST,etienne.laliberte@umontreal.ca,etienne.laliberte@umontreal.ca,2018-12-20 10:47:26 EST,2018-12-20 10:47:26 EST,1,,CABO-test,,,,,26177417,Etienne Laliberté,,2018-12-20,,0.9976,0.999,1.002,0.0999999999999943,,,,,,,,,,,,,,,,,,,,,,,
17ec9326-ae02-4b95-984c-d3399dd3711a,2018-12-21 11:06:38 EST,2019-04-10 14:56:22 EDT,etienne.laliberte@umontreal.ca,antoine.mathieu.1@umontreal.ca,2018-12-21 11:06:38 EST,2019-04-10 14:59:28 EDT,6,verified,2018-Girard-MSc-UdeM,,,,,,Fabien Cichonski,,2018-11-09,Batch number 1,1.009082483781279,1.004633920296571,1.0014828544949028,0.00370713623726125,,,,,,,,,,,,,,Antoine Mathieu,2019-04-10,,,,,,,,
447c47ab-8d0f-4d59-a580-80491e96164c,2018-12-21 11:06:38 EST,2019-04-10 14:58:32 EDT,etienne.laliberte@umontreal.ca,antoine.mathieu.1@umontreal.ca,2018-12-21 11:06:38 EST,2019-04-10 14:59:16 EDT,4,verified,2018-Girard-MSc-UdeM,,,,,,Fabien Cichonski,,2018-11-12,Batch number 2,1.0087393082930458,1.0042766827817033,1.0059501673484568,0.003161026403866848,,,,,,,,,,,,,,Antoine Mathieu,2019-04-10,,,,,,,,
19230fe0-b977-4768-b547-0e99eeb24a53,2018-12-21 11:06:39 EST,2019-04-10 14:57:46 EDT,etienne.laliberte@umontreal.ca,antoine.mathieu.1@umontreal.ca,2018-12-21 11:06:39 EST,2019-04-10 14:59:32 EDT,10,verified,2018-Girard-MSc-UdeM,,,,,,Fabien Cichonski,,2018-11-21,Batch number 3,1.0187631629331801,1.0143595634692706,1.0084242772353054,0.0013402259237954596,,,,,,,,,,,,,,Antoine Mathieu,2019-04-10,,,,,,,,
41846e26-d29c-4814-aafb-0bfd9f108c14,2018-12-21 11:06:40 EST,2019-04-10 14:56:29 EDT,etienne.laliberte@umontreal.ca,antoine.mathieu.1@umontreal.ca,2018-12-21 11:06:40 EST,2019-04-10 14:59:30 EDT,8,verified,2018-Girard-MSc-UdeM,,,,,,Fabien Cichonski,,2018-11-23,Batch number 5. Batch split with Beauchamp-Rioux batch 1.,1.0066835260115607,1.0032514450867052,1.0025289017341041,0.003070809248554174,,,,,,,,,,,,,,Antoine Mathieu,2019-04-10,,,,,,,,
7a94bcfc-5e59-4533-bd66-7440bdd4db0a,2018-12-21 11:06:40 EST,2019-04-10 14:58:13 EDT,etienne.laliberte@umontreal.ca,antoine.mathieu.1@umontreal.ca,2018-12-21 11:06:40 EST,2019-04-10 14:59:29 EDT,6,verified,2018-BeauchampRioux-MSc-UdeM,,,,,,Fabien Cichonski,,2018-11-23,Batch number 1. Batch split with Girard batch 5.,1.0066835260115607,1.0032514450867052,1.0025289017341041,0.003070809248554174,,,,,,,,,,,,,,Antoine Mathieu,2019-04-10,,,,,,,,
6d617a4d-6021-48ed-98cf-099583c948be,2018-12-21 11:06:40 EST,2019-04-10 14:58:07 EDT,etienne.laliberte@umontreal.ca,antoine.mathieu.1@umontreal.ca,2018-12-21 11:06:40 EST,2019-04-10 14:59:18 EDT,4,verified,2018-BeauchampRioux-MSc-UdeM,,,,,,Fabien Cichonski,,2018-11-27,Batch number 2,1.0050139275766017,1.0001857010213555,1.0003714020427112,0.0027855153203343677,,,,,,,,,,,,,,Antoine Mathieu,2019-04-10,,,,,,,,
16a4c3de-1946-443e-a41d-ee7df44e0432,2018-12-21 11:06:41 EST,2019-04-10 14:57:59 EDT,etienne.laliberte@umontreal.ca,antoine.mathieu.1@umontreal.ca,2018-12-21 11:06:41 EST,2019-04-10 14:59:20 EDT,4,verified,2018-BeauchampRioux-MSc-UdeM,,,,,,Fabien Cichonski,,2018-11-28,Batch number 3,1.010219249349684,1.0042735042735043,1.003901895206243,0.002972872538096203,,,,,,,,,,,,,,Antoine Mathieu,2019-04-10,,,,,,,,
38277f50-85da-438b-b9e0-41d69fc70209,2018-12-21 11:06:41 EST,2019-04-10 14:57:52 EDT,etienne.laliberte@umontreal.ca,antoine.mathieu.1@umontreal.ca,2018-12-21 11:06:41 EST,2019-04-10 14:59:21 EDT,4,verified,2018-BeauchampRioux-MSc-UdeM,,,,,,Fabien Cichonski,,2018-11-30,Batch number 4,1.0068977714892111,1.0021223912274495,1.0015917934205871,0.004067916519281473,,,,,,,,,,,,,,Antoine Mathieu,2019-04-10,,,,,,,,
670cd215-e671-408a-86c7-9be68d3b7171,2018-12-21 11:06:42 EST,2019-04-10 14:57:36 EDT,etienne.laliberte@umontreal.ca,antoine.mathieu.1@umontreal.ca,2018-12-21 11:06:42 EST,2019-04-10 14:59:22 EDT,4,verified,2018-BeauchampRioux-MSc-UdeM,,,,,,Fabien Cichonski,,2018-12-05,Batch number 5,1.0062769010043042,1.0007173601147776,1,0.0034074605451921173,,,,,,,,,,,,,,Antoine Mathieu,2019-04-10,,,,,,,,
24f9db29-4420-45a1-80b1-fed9e0328ce2,2018-12-21 11:06:42 EST,2019-04-10 14:57:07 EDT,etienne.laliberte@umontreal.ca,antoine.mathieu.1@umontreal.ca,2018-12-21 11:06:42 EST,2019-04-10 14:59:24 EDT,4,verified,2018-BeauchampRioux-MSc-UdeM,,,,,,Fabien Cichonski,,2018-12-07,Batch number 6,1.0076417273858183,1.001421716722943,1.0010662875422074,0.001954860494048319,,,,,,,,,,,,,,Antoine Mathieu,2019-04-10,,,,,,,,
b717962f-a9bf-46bc-bd74-c48fed3de439,2018-12-21 11:06:42 EST,2019-04-10 14:56:52 EDT,etienne.laliberte@umontreal.ca,antoine.mathieu.1@umontreal.ca,2018-12-21 11:06:42 EST,2019-04-10 14:59:25 EDT,5,verified,2018-BeauchampRioux-MSc-UdeM,,,,,,Fabien Cichonski,,2018-12-10,Batch number 7,1.0044762757385857,1,1.0005371530886302,0.0019695613249793896,,,,,,,,,,,,,,Antoine Mathieu,2019-04-10,,,,,,,,
54f1c593-899d-4d23-b8bb-235022cc0634,2018-12-21 11:06:43 EST,2019-10-28 20:42:48 EDT,etienne.laliberte@umontreal.ca,rosalie.beauchamp-rioux@umontreal.ca,2018-12-21 11:06:43 EST,2019-10-28 20:42:51 EDT,7,verified,2018-BeauchampRioux-MSc-UdeM,,,,,,Fabien Cichonski,,2018-12-12,Batch number 8,1.007015650296816,1.0030581039755353,1.001618996222342,0.002878215506385724,,,,,,,,,,,,,,Rosalie Beauchamp-Rioux,2019-10-28,,,,,,,,
c2a15764-614b-4ad3-baa2-b3c445de1cb4,2019-01-07 13:24:16 EST,2019-02-21 12:18:53 EST,fabien.cichonski@etu.univ-amu.fr,fabien.cichonski@etu.univ-amu.fr,2019-01-07 15:09:04 EST,2019-02-21 12:25:52 EST,10,verified,2018-BeauchampRioux-MSc-UdeM,,,,,27742998,Fabien Cichonski,,2019-01-07,Batch number 9 - Série ø,1.02444403602279,1.012313912883661,1.004410953868774,0.0031244256570475844,,,,,,,,,,,,,,Fabien Cichonski,2019-02-21,,,,,,,,
340ba347-eaa2-40cc-a514-2b81f1e14348,2019-01-09 11:30:33 EST,2019-04-10 14:59:09 EDT,etienne.laliberte@umontreal.ca,antoine.mathieu.1@umontreal.ca,2019-01-09 11:30:58 EST,2019-04-10 14:59:34 EDT,3,pending,CABO-test,,,,,27908975,Etienne Laliberté,,2019-01-09,,1.017755811825,1.00402709134175,1.01541277686253,0.237964488376355,,,,,,,,,,,,,,,,,,,,,,,
e3533422-9b92-47d8-afd2-f097ced80572,2019-01-09 11:35:18 EST,2019-02-20 15:36:55 EST,jeremy.goimard@gmail.com,jeremy.goimard@gmail.com,2019-01-09 11:35:27 EST,2019-02-20 15:39:17 EST,6,verified,CABO-test,,,,,27909260,Jérémy Goimard,,2019-01-09,,2.5,,,,,,,,,,,,,,,,,Jérémy Goimard,2019-02-20,,,,,,,,
b86f38c1-4b20-4188-9301-44b1bd8c41e5,2019-01-14 13:21:21 EST,2019-02-21 12:19:15 EST,fabien.cichonski@etu.univ-amu.fr,fabien.cichonski@etu.univ-amu.fr,2019-01-14 13:37:12 EST,2019-02-21 12:25:54 EST,10,verified,2018-BeauchampRioux-MSc-UdeM,,,,,28347623,Fabien Cichonski,,2019-01-14,Batch number 10 - série 1,1.01375,1.0010714285714284,1.000892857142857,0.0021428571428521487,,,,,,,,,,,,,,Fabien Cichonski,2019-02-21,,,,,,,,
05dec535-5491-4d28-8558-7a1141c4de7a,2019-01-14 15:36:17 EST,2019-02-21 12:19:35 EST,fabien.cichonski@etu.univ-amu.fr,fabien.cichonski@etu.univ-amu.fr,2019-01-14 15:47:11 EST,2019-02-21 12:25:56 EST,9,verified,2018-BeauchampRioux-MSc-UdeM,,,,,28355719,Fabien Cichonski,,2019-01-14,Batch number 11 - série 2,1.004162330905307,1.0008671522719388,1.0003468609087756,0.0022545959070421834,,,,,,,,,,,,,,Fabien Cichonski,2019-02-21,,,,,,,,
74812157-2e5e-48cd-8f0b-42860e9f166c,2019-01-21 12:11:52 EST,2019-02-21 12:22:35 EST,fabien.cichonski@etu.univ-amu.fr,fabien.cichonski@etu.univ-amu.fr,2019-01-21 12:19:35 EST,2019-02-21 12:25:58 EST,10,verified,2018-BeauchampRioux-MSc-UdeM,,,,,28948254,Fabien Cichonski,,2019-01-21,"Batch number 12 - série ø
Contamination possible avec échantillons Alexis lors du bain NDF (cuve sale).",1.021584049753064,1.01335284433876,1.0084141210901776,0.004207060545091907,,,,,,,,,,,,,,Fabien Cichonski,2019-02-21,,,,,,,,
143d1299-768b-4ed1-a64c-ed4258e4857b,2019-01-21 17:08:47 EST,2019-02-21 12:20:37 EST,fabien.cichonski@etu.univ-amu.fr,fabien.cichonski@etu.univ-amu.fr,2019-01-21 17:16:47 EST,2019-02-21 12:26:00 EST,9,verified,2018-BeauchampRioux-MSc-UdeM,,,,,28966069,Fabien Cichonski,,2019-01-21,Batch number 13 - série 1,1.014822848879248,1.0070498915401302,1.0030730296456976,0.0032537960954435244,,,,,,,,,,,,,,Fabien Cichonski,2019-02-21,,,,,,,,
d5607e6f-011c-4d23-b89a-b7494a13aa43,2019-01-23 13:48:34 EST,2019-02-21 12:21:02 EST,fabien.cichonski@etu.univ-amu.fr,fabien.cichonski@etu.univ-amu.fr,2019-01-23 13:58:11 EST,2019-02-21 12:26:02 EST,8,verified,2018-BeauchampRioux-MSc-UdeM,,,,,29126856,Fabien Cichonski,,2019-01-23,Batch number 14 - série 2,1.0079337094499294,1.0021156558533144,1.0014104372355428,0.002468265162200793,,,,,,,,,,,,,,Fabien Cichonski,2019-02-21,,,,,,,,
aec0b52f-4dd5-443a-ae31-89c3f7fb4f67,2019-01-23 16:52:03 EST,2019-02-21 12:21:23 EST,fabien.cichonski@etu.univ-amu.fr,fabien.cichonski@etu.univ-amu.fr,2019-01-23 17:01:55 EST,2019-02-21 12:26:04 EST,12,verified,2018-BeauchampRioux-MSc-UdeM,,,,,29137866,"Antoine Mathieu,Fabien Cichonski",,2019-01-23,Batch number 15 - série 3,1.0054521526602744,1.000564015792442,1,0.00018800526415363724,,,,,,,,,,,,,,Fabien Cichonski,2019-02-21,,,,,,,,
08f13c9a-cda1-40dd-87c2-484ba23a1fe3,2019-01-25 13:47:12 EST,2019-02-21 12:21:44 EST,fabien.cichonski@etu.univ-amu.fr,fabien.cichonski@etu.univ-amu.fr,2019-01-25 13:55:54 EST,2019-02-21 12:26:05 EST,8,verified,2018-BeauchampRioux-MSc-UdeM,,,,,29299575,Fabien Cichonski,,2019-01-25,Batch number 16 - série 4,1.010933081998115,1.005278039585297,1.0020735155513667,0.003204524033929483,,,,,,,,,,,,,,Fabien Cichonski,2019-02-21,,,,,,,,
f3df80e2-b23b-4a04-966b-51a94215e1a0,2019-01-26 09:40:30 EST,2019-02-21 12:22:04 EST,fabien.cichonski@etu.univ-amu.fr,fabien.cichonski@etu.univ-amu.fr,2019-01-26 09:46:01 EST,2019-02-21 12:26:07 EST,10,verified,2018-BeauchampRioux-MSc-UdeM,,,,,29371172,Fabien Cichonski,,2019-01-26,Batch number 17 - série 5,1.0068419157364061,1.003601008282319,1.0021606049693914,0.003961109110554516,,,,,,,,,,,,,,Fabien Cichonski,2019-02-21,,,,,,,,
16b25d49-75a5-4399-9e5a-81519e37c57b,2019-01-29 14:29:27 EST,2019-02-21 12:22:55 EST,fabien.cichonski@etu.univ-amu.fr,fabien.cichonski@etu.univ-amu.fr,2019-01-29 14:59:54 EST,2019-02-21 12:26:09 EST,9,verified,2018-BeauchampRioux-MSc-UdeM,,,,,29647710,Fabien Cichonski,,2019-01-29,Batch number 18 - série ø,1.0125,1.006801470588235,1.003860294117647,0.0038602941176445926,,,,,,,,,,,,,,Fabien Cichonski,2019-02-21,,,,,,,,
06152663-49b5-4a05-b3cf-b2e1dae3b597,2019-01-31 14:28:23 EST,2019-02-21 12:23:36 EST,fabien.cichonski@etu.univ-amu.fr,fabien.cichonski@etu.univ-amu.fr,2019-01-31 14:42:10 EST,2019-02-21 12:26:10 EST,10,verified,2018-BeauchampRioux-MSc-UdeM,,,,,29820445,Fabien Cichonski,,2019-01-31,Batch number 19 - série 1,1.0107292234951808,1.000181851245681,1.000909256228405,0.003273322422263885,,,,,,,,,,,,,,Fabien Cichonski,2019-02-21,,,,,,,,
17d98b57-3c44-45ba-970b-c245b12055e0,2019-02-04 16:04:39 EST,2019-02-15 11:10:37 EST,fabien.cichonski@etu.univ-amu.fr,fabien.cichonski@etu.univ-amu.fr,2019-02-04 16:13:42 EST,2019-02-15 11:26:45 EST,11,deleted,2018-BeauchampRioux-MSc-UdeM,,,,,30171821,Fabien Cichonski,,2019-02-04,"Batch number 20 - série 2
Les échantillons ont eu 2 bains NDF suite à un débranchement de l'appareil pendant le 1er bain. Lors du 2e bain alpha-amylase et Na2SO3 n'ont pas été ajoutés à la solution de détergent.",1.003269160915365,,,,,,,,,,,,,Fabien Cichonski,2019-02-15,,,,,,,,,,,,
a91b78f1-5998-4334-9470-3612e9039baa,2019-02-06 14:08:37 EST,2019-02-11 10:16:26 EST,fabien.cichonski@etu.univ-amu.fr,fabien.cichonski@etu.univ-amu.fr,2019-02-06 14:10:30 EST,2019-02-11 10:20:34 EST,4,deleted,CABO-General,,,,,30337659,Fabien Cichonski,,2019-02-06,Batch number 21 - série 3 - contient échantillon Rosalie + Cabo général + Warren,,,,,,,,,,,,,,Fabien Cichonski,2019-02-11,,,,,,,,,,,,
a6f90085-62cf-4b0f-89df-82823ba3e314,2019-02-07 10:24:34 EST,2019-02-22 14:46:40 EST,antoine.mathieu.1@umontreal.ca,antoine.mathieu.1@umontreal.ca,2019-02-07 10:36:25 EST,2019-02-22 15:00:16 EST,5,verified,2018-BeauchampRioux-MSc-UdeM,,,,,30410616,"Antoine Mathieu,Fabien Cichonski",,2019-02-06,Batch number 21 - série 3 - contient échantillon Rosalie + Cabo général + Warren,1.0125093353248693,1.0057879014189695,1.0037341299477223,0.0028005974607917417,,,,,,,,,,,,,,Antoine Mathieu,2019-02-22,,,,,,,,
acedf0b0-6137-495f-93c1-8704af282941,2019-02-07 10:27:26 EST,2019-02-22 14:53:37 EST,antoine.mathieu.1@umontreal.ca,antoine.mathieu.1@umontreal.ca,2019-02-07 10:36:26 EST,2019-02-22 15:00:17 EST,5,verified,CABO-General,,,,,30410788,"Antoine Mathieu,Fabien Cichonski",,2019-02-06,Batch number 21 - série 3 - contient échantillon Rosalie + Cabo général + Warren,1.0125093353248693,1.0057879014189695,1.0037341299477223,0.0028005974607917417,,,,,,,,,,,,,,Antoine Mathieu,2019-02-22,,,,,,,,
65d14881-5e42-4d37-9b5e-870e73d9605c,2019-02-07 11:42:50 EST,2020-02-24 14:49:06 EST,antoine.mathieu.1@umontreal.ca,etienne.laliberte@umontreal.ca,2019-02-07 11:42:51 EST,2020-02-24 14:49:10 EST,7,verified,SWA-Warren,,,,,30415108,"Antoine Mathieu,Fabien Cichonski",,2019-02-06,Batch number 21 - série 3 - contient échantillon Rosalie + Cabo général + Warren,1.01250933532487,1.00578790141897,1.00373412994772,0.00280059746079174,,,,,,,,,,,,,,Antoine Mathieu,2019-02-22,,,,,,,,
cff56b73-6b15-484b-aaa6-bb958fc5a553,2019-02-11 15:11:51 EST,2020-02-24 14:48:56 EST,fabien.cichonski@etu.univ-amu.fr,etienne.laliberte@umontreal.ca,2019-02-11 16:13:29 EST,2020-02-24 14:49:00 EST,10,verified,SWA-Warren,,,,,30773454,Fabien Cichonski,,2019-02-11,Batch number 1 - série 4,1.00353751629119,1.00037237013592,1,0.00297896108732708,,,,,,,,,,,,,,Sabrina Demers-Thibeault,2019-09-16,,,,,,,,
eb306333-8f98-4610-ae24-453697838749,2019-02-15 11:10:46 EST,2019-04-10 14:58:56 EDT,fabien.cichonski@etu.univ-amu.fr,antoine.mathieu.1@umontreal.ca,2019-02-15 11:26:46 EST,2019-04-10 14:59:35 EDT,13,verified,2018-BeauchampRioux-MSc-UdeM,,,,,31104589,"Antoine Mathieu,Fabien Cichonski",,2019-02-15,Batch number 20 - série 1,1.0049568569854967,1.0009179364787957,1.0003671745915184,0.0012851110703174617,,,,,,,,,,Fabien Cichonski,2019-02-15,,,Antoine Mathieu,2019-04-10,,,,,,,,
525dd46a-ebb2-40e1-b1d5-f31d25150d7a,2019-02-20 14:30:58 EST,2020-02-24 14:49:17 EST,antoine.mathieu.1@umontreal.ca,etienne.laliberte@umontreal.ca,2019-02-20 14:30:58 EST,2020-02-24 14:49:21 EST,10,verified,SWA-Warren,,,,,31548558,Fabien Cichonski,,2019-02-19,Batch number 2 - série ø,1.00388967468175,1.00106082036775,1.0007072135785,0.00282885431399624,,,,,,,,,,,,,,Antoine Mathieu,2019-04-10,,,,,,,,
8d386494-07fd-4ec2-a68f-dd1fad723bb2,2019-02-20 15:11:05 EST,2019-08-29 13:45:28 EDT,antoine.mathieu.1@umontreal.ca,demers.t.sabrina@gmail.com,2019-02-20 15:11:06 EST,2019-08-29 13:54:19 EDT,14,verified,2018-Boucherville,,,,,31550542,"Antoine Mathieu,Sabrina Demers-Thibeault,Fabien Cichonski",,2019-02-20,Batch number 2 - série 3,1.0209366391184573,1.0082644628099175,1.0007346189164372,0.00238751147842153,,,,,,,,,,,,,,Antoine Mathieu,2019-04-10,,,,,,,,
23377353-0795-405b-8838-e4d6138f7614,2019-02-20 16:34:45 EST,2019-02-20 16:56:44 EST,fabien.cichonski@etu.univ-amu.fr,antoine.mathieu.1@umontreal.ca,2019-02-20 16:36:48 EST,2019-02-20 16:56:44 EST,2,deleted,SWA-Warren,,,,,31556027,Fabien Cichonski,,2019-02-20,Batch number 3 - série 2,,,,,,,,,,,,,,Antoine Mathieu,2019-02-20,,,,,,,,,,,,
73ba470a-558b-45f5-88c6-23992401c552,2019-02-20 16:35:26 EST,2019-09-16 15:00:55 EDT,fabien.cichonski@etu.univ-amu.fr,demers.t.sabrina@gmail.com,2019-02-20 16:36:48 EST,2019-09-16 15:05:45 EDT,14,verified,2018-Boucherville,,,,,31556069,"Antoine Mathieu,Sabrina Demers-Thibeault,Fabien Cichonski",,2019-02-19,"Batch number 1 - série 2. Échantillons de Warren et Boucherville.
Creusets pesés avec couvercles.",1.0066852367688024,1.0020427112349117,0.9998142989786444,0.003342618384393324,,,,,,,,,,,,,,Sabrina Demers-Thibeault,2019-09-16,,,,,,,,
dcc725ef-223a-4cfa-a6b2-fb68ef5f2614,2019-02-20 16:55:09 EST,2020-02-24 14:48:48 EST,antoine.mathieu.1@umontreal.ca,etienne.laliberte@umontreal.ca,2019-02-20 16:55:10 EST,2020-02-24 14:48:52 EST,11,verified,SWA-Warren,,,,,31556734,"Antoine Mathieu,Sabrina Demers-Thibeault,Fabien Cichonski",,2019-02-19,"Batch number 3 - série 2. Échantillons de Warren et Boucherville. 
Creusets pesés avec couvercles.",1.0066852367688,1.00204271123491,0.999814298978644,0.00334261838439332,,,,,,,,,,,,,,Sabrina Demers-Thibeault,2019-09-16,,,,,,,,
00c3b500-7288-497a-b188-af8aa059fd23,2019-02-21 10:48:04 EST,2019-08-29 13:37:50 EDT,fabien.cichonski@etu.univ-amu.fr,demers.t.sabrina@gmail.com,2019-02-21 10:56:43 EST,2019-08-29 13:54:23 EDT,13,verified,2018-Boucherville,,,,,31621626,"Antoine Mathieu,Sabrina Demers-Thibeault,Fabien Cichonski",,2019-02-21,Batch number 3 - série 4,1.0094083589650804,1.0045232495024428,1,0.0016283698208819526,,,,,,,,,,,,,,Antoine Mathieu,2019-04-10,,,,,,,,
b9caf906-8783-438f-afb8-166d64499821,2019-02-22 12:01:46 EST,2019-02-22 15:21:27 EST,fabien.cichonski@etu.univ-amu.fr,antoine.mathieu.1@umontreal.ca,2019-02-22 15:20:16 EST,2019-02-22 15:21:42 EST,2,deleted,2017-Dessain-MSc,,,,,31712448,Fabien Cichonski,,2019-02-22,"Batch number 1 - série 5
Contient échantillons Boucherville et Aurélie",,,,,,,,,,,,,,Antoine Mathieu,2019-02-22,,,,,,,,,,,,
a84fec6e-14c8-42be-b67a-3f6cfe6e8c3e,2019-02-22 15:00:48 EST,2019-09-16 15:02:42 EDT,antoine.mathieu.1@umontreal.ca,demers.t.sabrina@gmail.com,2019-02-22 15:20:17 EST,2019-09-16 15:05:46 EDT,9,verified,2018-Boucherville,,,,,31723190,"Antoine Mathieu,Sabrina Demers-Thibeault,Fabien Cichonski",,2019-02-22,"Batch number 4 - série 5. Contient échantillons Boucherville et Aurélie
Creusets pesés avec couvercles.",1.0104166666666665,1.0020102339181287,1.000548245614035,0.0025584795321707647,,,,,,,,,,,,,,Antoine Mathieu,2019-04-10,,,,,,,,
8244afe2-efe0-4f50-991f-9db68f710316,2019-10-29 15:11:24 EDT,2019-11-20 18:44:41 EST,isabelle_gareau@hotmail.fr,demers.t.sabrina@gmail.com,2019-10-29 15:11:25 EDT,2019-11-20 18:43:46 EST,8,verified,2018-Hacker-PhD-UBC,,,,,53232694,"Isabelle Gareau,Sabrina Demers-Thibeault",,2019-10-29,,1.0044436215515644,1.0003703017959638,0.9975930383262357,0.0012960562858765436,"6b4f16fc-2a90-42c5-aa00-44833cebaf0f,ed015a0e-529d-4d75-bf73-5da943d8f40b,cc931820-f52a-49d7-851a-7bbaefc28dcc","After NDF and drying oven,After ADF and drying oven,after ADL and drying oven",https://web.fulcrumapp.com/photos/view?photos=6b4f16fc-2a90-42c5-aa00-44833cebaf0f%2Ced015a0e-529d-4d75-bf73-5da943d8f40b%2Ccc931820-f52a-49d7-851a-7bbaefc28dcc,,,,,,,,,,,Sabrina Demers-Thibeault,2019-11-20,,,,,,,,
c5842013-ac14-4307-b11d-7a0b78a96101,2019-11-17 13:16:11 EST,2019-11-22 14:38:50 EST,isabelle_gareau@hotmail.fr,demers.t.sabrina@gmail.com,2019-11-17 13:16:12 EST,2019-11-22 14:37:56 EST,9,verified,2019-CABO-General,,,,,54871342,"Isabelle Gareau,Sabrina Demers-Thibeault",,2019-11-17,,0.9980416592487092,0.9962613494748086,0.996973473384369,0.0010681858643379059,"e3090860-dd47-4021-99b4-bf76bdbafe90,56adada5-bd5f-4256-940e-285a72b176b7,af735240-ce9f-46e4-bad8-e4c2b0eee826","after NDF and drying oven,after ADF and drying oven,after adl and drying oven",https://web.fulcrumapp.com/photos/view?photos=e3090860-dd47-4021-99b4-bf76bdbafe90%2C56adada5-bd5f-4256-940e-285a72b176b7%2Caf735240-ce9f-46e4-bad8-e4c2b0eee826,,,,,,,,,,,Sabrina Demers-Thibeault,2019-11-22,,,,,,,,
c1f390c8-3329-4019-81c8-9a17ec12e492,2019-12-02 13:39:08 EST,2019-12-16 13:59:05 EST,fabien.cichonski@etu.univ-amu.fr,demers.t.sabrina@gmail.com,2019-12-02 14:07:41 EST,2019-12-16 13:58:03 EST,10,verified,2018-Hacker-PhD-UBC,,,,,56169490,Fabien Cichonski,,2019-12-02,Série 1,1.0005004170141785,0.9984987489574645,0.9966638865721434,0.0008340283569562668,,,,,,,,,,,,Sabrina Demers-Thibeault,2019-12-16,Sabrina Demers-Thibeault,2019-12-16,,,,,,,,1
cfbc1cb6-2431-4033-ba16-1928e4e3b98b,2019-12-02 15:53:44 EST,2019-12-17 15:34:39 EST,fabien.cichonski@etu.univ-amu.fr,fabien.cichonski@etu.univ-amu.fr,2019-12-02 16:03:23 EST,2019-12-17 15:34:40 EST,11,verified,2018-Hacker-PhD-UBC,,,,,56177566,Fabien Cichonski,,2019-12-02,Serie 2 (II),1,0.9974878880315807,0.9974878880315807,-0.00017943656916600436,,,,,,,,,,,,,,Fabien Cichonski,2019-12-17,,,,,,,,
03665a15-99fb-4f6e-8d58-d9ac3bac7848,2019-12-03 11:47:30 EST,2019-12-17 15:51:28 EST,fabien.cichonski@etu.univ-amu.fr,fabien.cichonski@etu.univ-amu.fr,2019-12-03 11:55:34 EST,2019-12-17 15:51:28 EST,9,verified,2018-Hacker-PhD-UBC,,,,,56249192,Fabien Cichonski,,2019-12-03,Serie 3 (III),1.005281690140845,0.9992957746478874,0.9989436619718312,,,,,,,,,,,,,,,Fabien Cichonski,2019-12-17,,,,,,,,
e1d263d5-716b-4d24-9f94-ae0dacb35ca2,2019-12-03 15:11:58 EST,2019-12-17 16:00:52 EST,fabien.cichonski@etu.univ-amu.fr,fabien.cichonski@etu.univ-amu.fr,2019-12-03 15:21:47 EST,2019-12-17 16:00:53 EST,14,verified,2018-Hacker-PhD-UBC,,,,,56261460,Fabien Cichonski,,2019-12-03,Serie 4 (IV),1.0005427899402932,0.9974669802786322,0.9976479102587299,0.0012665098606873917,d7690078-baae-4787-9782-d7a32479c0dc,,https://web.fulcrumapp.com/photos/view?photos=d7690078-baae-4787-9782-d7a32479c0dc,,,,,,,,,,,Fabien Cichonski,2019-12-17,,,,,,,,
00484723-45b9-4cb6-89ff-279f2ed2d443,2019-12-04 11:51:07 EST,2019-12-18 10:11:13 EST,fabien.cichonski@etu.univ-amu.fr,fabien.cichonski@etu.univ-amu.fr,2019-12-04 12:49:06 EST,2019-12-18 10:11:21 EST,14,verified,2018-Hacker-PhD-UBC,,,,,56335810,Fabien Cichonski,,2019-12-04,Serie 5 (V),1.0001775568181819,0.9973366477272726,0.9973366477272726,0.00017755681817509627,,,,,,,,,,,,,,Fabien Cichonski,2019-12-18,,,,,,,,
e8141337-11be-4fc4-a3b5-2952d2a72b96,2019-12-05 14:18:03 EST,2019-12-18 11:42:08 EST,fabien.cichonski@etu.univ-amu.fr,fabien.cichonski@etu.univ-amu.fr,2019-12-05 17:02:01 EST,2019-12-18 11:42:09 EST,7,verified,2018-Hacker-PhD-UBC,,,,,56431025,Fabien Cichonski,,2019-12-05,Serie 6 (VI),1.0055720006965,0.9982587497823437,0.9979104997388125,0.0012188751523627395,,,,,,,,,,,,,,Fabien Cichonski,2019-12-18,,,,,,,,
113e7f92-04da-4543-9f51-0a0ded9da819,2019-12-06 10:18:39 EST,2019-12-19 14:46:53 EST,florence.blanchard@umontreal.ca,fabien.cichonski@etu.univ-amu.fr,2019-12-06 10:24:00 EST,2019-12-19 14:46:53 EST,7,verified,2018-Hacker-PhD-UBC,,,,,56503062,,Fabien Cichonski,2019-12-06,Série 7 (VII) - contient échantillons Hacker et Blanchard,1.0013867221355521,0.9979199167966719,0.997226555728896,-0.0008667013347241939,,,,,,,,,,,,,,Fabien Cichonski,2019-12-19,,,,,,,,
57321546-a448-47ab-a85f-123d2a212d30,2019-12-06 16:15:45 EST,2019-12-19 14:53:27 EST,florence.blanchard@umontreal.ca,fabien.cichonski@etu.univ-amu.fr,2019-12-06 16:27:00 EST,2019-12-19 14:53:27 EST,5,verified,2019-Blanchard-MSc-UdeM,,,,,56524487,,Fabien Cichonski,2019-12-06,Série 7 (VII) - Contient échantillons Hacker et Blanchard,1.0013867221355521,0.9979199167966719,0.997226555728896,-0.0008667013347241939,,,,,,,,,,,,,,Fabien Cichonski,2019-12-19,,,,,,,,
90b1c71e-d122-452f-a056-153f5d9d4f6a,2020-01-03 09:37:58 EST,2020-01-13 10:38:44 EST,fabien.cichonski@etu.univ-amu.fr,fabien.cichonski@etu.univ-amu.fr,2020-01-03 09:45:37 EST,2020-01-13 10:38:45 EST,9,verified,2019-Blanchard-MSc-UdeM,,,,,58919820,Fabien Cichonski,,2020-01-03,(I),1.001608579088472,0.9976764968722074,0.9974977658623772,0.0007149240393318556,,,,,,,,,,,,,,Fabien Cichonski,2020-01-13,,,,,,,,
6f5316aa-ddd4-428e-985e-a8090be1c6d2,2020-01-03 11:59:31 EST,2020-01-15 10:16:58 EST,fabien.cichonski@etu.univ-amu.fr,fabien.cichonski@etu.univ-amu.fr,2020-01-03 13:30:11 EST,2020-01-15 10:16:59 EST,7,verified,2019-Blanchard-MSc-UdeM,,,,,58928313,Fabien Cichonski,,2020-01-03,(II),1.003298611111111,0.9979166666666667,0.9970486111111112,,,,,,,,,,,,,,,Fabien Cichonski,2020-01-15,,,,,,,,
9e34d710-06bc-457c-b0fc-856967dc9ab1,2020-01-03 14:20:18 EST,2020-03-26 14:42:32 EDT,fabien.cichonski@etu.univ-amu.fr,demers.t.sabrina@gmail.com,2020-01-03 15:52:38 EST,2020-03-26 14:42:33 EDT,8,verified,2019-Blanchard-MSc-UdeM,,,,,58936760,Fabien Cichonski,,2020-01-03,(III),1.0013726835964312,0.9977693891557996,0.9975978037062457,0.0012010981468804415,,,,,,,,,,,,,,Sabrina Demers-Thibeault,2020-03-26,,,,,,,,
c234b28c-8381-48db-8eec-fe16a15a2f69,2020-01-03 15:55:10 EST,2020-01-20 11:29:03 EST,fabien.cichonski@etu.univ-amu.fr,fabien.cichonski@etu.univ-amu.fr,2020-01-03 16:00:50 EST,2020-01-20 11:29:04 EST,9,verified,2019-Blanchard-MSc-UdeM,,,,,58942452,Fabien Cichonski,,2020-01-03,(IV),1.009509875640088,0.9985369422092174,0.9976225310899781,0.00018288222385391307,,,,,,,,,,,,,,Fabien Cichonski,2020-01-20,,,,,,,,
8911ee2e-9d5e-4291-a6ec-4d465326d2d9,2020-01-06 14:28:41 EST,2020-01-20 11:51:22 EST,fabien.cichonski@etu.univ-amu.fr,fabien.cichonski@etu.univ-amu.fr,2020-01-06 14:40:43 EST,2020-01-20 11:51:23 EST,10,verified,2019-Blanchard-MSc-UdeM,,,,,59196463,Fabien Cichonski,,2020-01-06,(V),1.0136423098486265,0.9998131190431695,0.9973836666043729,-0.0007475238273202537,,,,,,,,,,,,,,Fabien Cichonski,2020-01-20,,,,,,,,
8ae4c08b-2cb2-4f2f-af45-6d7489c7c5d2,2020-01-07 10:25:34 EST,2020-01-21 15:24:21 EST,fabien.cichonski@etu.univ-amu.fr,fabien.cichonski@etu.univ-amu.fr,2020-01-07 10:34:19 EST,2020-01-21 15:24:21 EST,10,verified,2019-Blanchard-MSc-UdeM,,,,,59268276,Fabien Cichonski,,2020-01-07,(VI),1.0028449502133712,0.9978662873399716,0.9973328591749644,-0.0010668563300243726,,,,,,,,,,,,,,Fabien Cichonski,2020-01-21,,,,,,,,
fa5858a4-dfa4-4e6d-95cf-10efd5a6c7b5,2020-01-08 10:28:19 EST,2020-01-29 16:06:14 EST,fabien.cichonski@etu.univ-amu.fr,fabien.cichonski@etu.univ-amu.fr,2020-01-08 10:39:43 EST,2020-01-29 16:06:15 EST,11,verified,2019-Blanchard-MSc-UdeM,,,,,59354841,Fabien Cichonski,,2020-01-08,(VII),1.0086253369272238,1.002336028751123,0.9994609164420486,0.0008984725965900943,,,,,,,,,,,,,,Fabien Cichonski,2020-01-29,Fabien Cichonski,2020-01-29,,,,,,
70c74198-b12f-4a47-a9bf-40ecd4c0f6e1,2020-01-10 14:49:25 EST,2020-01-29 16:55:16 EST,fabien.cichonski@etu.univ-amu.fr,fabien.cichonski@etu.univ-amu.fr,2020-01-10 16:11:46 EST,2020-01-29 16:55:17 EST,9,verified,2019-Blanchard-MSc-UdeM,,,,,59543307,Fabien Cichonski,,2020-01-10,(VIII),1.0057682223387518,0.9987764376857192,0.9980772592204158,0.00017479461633161973,,,,,,,,,,,,,,Fabien Cichonski,2020-01-29,,,,,,,,
412b3dcc-20b5-4cfc-87c5-3ca62eef42e4,2020-01-13 15:26:04 EST,2020-03-20 16:05:42 EDT,fabien.cichonski@etu.univ-amu.fr,demers.t.sabrina@gmail.com,2020-01-13 15:54:06 EST,2020-03-20 16:05:44 EDT,10,verified,2019-Blanchard-MSc-UdeM,,,,,59804706,Fabien Cichonski,,2020-01-13,(IX) Samples 46496741 et 46498048 mis dans un batch à part 65591691,1.00237569998303,0.9977939928729,0.997454607161038,0.00033938571186074,,,,,,,,,,,,,,Sabrina Demers-Thibeault,2020-03-20,,,,,,,,
78d898b3-9954-4b91-90e1-829d81b7bc77,2020-01-14 15:29:59 EST,2020-01-30 11:43:30 EST,fabien.cichonski@etu.univ-amu.fr,fabien.cichonski@etu.univ-amu.fr,2020-01-14 15:40:42 EST,2020-01-30 11:34:04 EST,9,verified,2019-Blanchard-MSc-UdeM,,,,,59891342,Fabien Cichonski,,2020-01-14,(X),0.9994729444834854,0.9966619817287421,0.9973647224174279,-0.0014054813773684742,,,,,,,,,,,,,,Fabien Cichonski,2020-01-30,,,,,,,,
7a95d92b-eede-4b2f-a81e-29f766484ca6,2020-01-16 10:36:07 EST,2020-01-30 11:54:03 EST,fabien.cichonski@etu.univ-amu.fr,fabien.cichonski@etu.univ-amu.fr,2020-01-16 10:54:17 EST,2020-01-30 11:44:36 EST,9,verified,2019-Blanchard-MSc-UdeM,,,,,60046509,Fabien Cichonski,,2020-01-16,(XI),1.0021885521885523,1,0.9991582491582492,0.00016835016835575701,,,,,,,,,,,,,,Fabien Cichonski,2020-01-30,,,,,,,,
935dd874-2bf6-45c2-9363-9c9d2ca00945,2020-01-17 10:34:33 EST,2020-01-31 16:29:12 EST,fabien.cichonski@etu.univ-amu.fr,fabien.cichonski@etu.univ-amu.fr,2020-01-17 10:43:33 EST,2020-01-31 16:19:43 EST,10,verified,2019-Blanchard-MSc-UdeM,,,,,60132815,Fabien Cichonski,,2020-01-17,(XII),1.0074126367807976,1.0001764913519238,0.9987645605365336,-0.0007059654076933777,,,,,,,,,,,,,,Fabien Cichonski,2020-01-31,,,,,,,,
28710856-cce5-475b-9067-b88ba2f84847,2020-01-20 13:44:36 EST,2020-02-03 17:29:30 EST,fabien.cichonski@etu.univ-amu.fr,fabien.cichonski@etu.univ-amu.fr,2020-01-20 13:59:09 EST,2020-02-03 17:19:59 EST,12,verified,2019-Blanchard-MSc-UdeM,,,,,60403419,Fabien Cichonski,,2020-01-20,(A),1.0042999656002751,1.000343997248022,0.9989680082559339,0.0005159958720257105,,,,,,,,,,,,,,Fabien Cichonski,2020-02-03,,,,,,,,
ab8599f7-644b-46bb-9fd0-036ef916f51d,2020-01-21 11:53:57 EST,2020-02-06 16:54:29 EST,fabien.cichonski@etu.univ-amu.fr,fabien.cichonski@etu.univ-amu.fr,2020-01-21 12:00:48 EST,2020-02-06 16:44:59 EST,10,verified,2019-Blanchard-MSc-UdeM,,,,,60483179,Fabien Cichonski,,2020-01-21,(B) - Blanchard,0.9991045845272205,0.9973137535816617,0.9967765042979942,-0.0017908309455545656,,,,,,,,,,,,,,Fabien Cichonski,2020-02-06,,,,,,,,
ac7cf171-b2ad-4704-b5a2-bd28382cbef9,2020-01-22 14:23:33 EST,2020-02-06 17:02:00 EST,fabien.cichonski@etu.univ-amu.fr,fabien.cichonski@etu.univ-amu.fr,2020-01-22 14:41:26 EST,2020-02-06 16:52:29 EST,5,verified,2019-Crofts-PhD-UdeS,,,,,60578555,Fabien Cichonski,,2020-01-22,(B) - Crofts,0.9991045845272205,0.9973137535816617,0.9967765042979942,-0.0017908309455545656,,,,,,,,,,,,,,Fabien Cichonski,2020-02-06,,,,,,,,
3f210b05-3c6c-451e-a382-bb0f61c91954,2020-01-23 11:45:40 EST,2020-02-06 17:10:30 EST,fabien.cichonski@etu.univ-amu.fr,fabien.cichonski@etu.univ-amu.fr,2020-01-23 11:53:56 EST,2020-02-06 17:00:59 EST,9,verified,2019-Crofts-PhD-UdeS,,,,,60655482,Fabien Cichonski,,2020-01-23,(C),1.0014219694276574,0.9992890152861714,0.9985780305723426,0.0012442232492035573,,,,,,,,,,,,,,Fabien Cichonski,2020-02-06,,,,,,,,
b4ce0678-4d2e-4d66-ac96-96e2565b412b,2020-01-28 15:05:54 EST,2020-04-07 17:51:30 EDT,fabien.cichonski@etu.univ-amu.fr,etienne.laliberte@umontreal.ca,2020-01-28 15:15:26 EST,2020-04-07 17:51:31 EDT,16,verified,2019-Crofts-PhD-UdeS,,,,,61099497,Fabien Cichonski,,2020-01-28,(E),1.0014227280811,0.998399430908768,0.998221589898631,0.0000177841010067023,,,,,,,,,,,,,,Fabien Cichonski,2020-03-25,,,,,,,,
ed6d1a01-722e-4a21-b9c6-bfbf64b017b1,2020-01-30 14:31:44 EST,2020-02-18 10:52:16 EST,fabien.cichonski@etu.univ-amu.fr,fabien.cichonski@etu.univ-amu.fr,2020-01-30 14:41:29 EST,2020-02-18 10:42:40 EST,7,verified,2019-Crofts-PhD-UdeS,,,,,61270247,Fabien Cichonski,,2020-01-30,(D) - batch coupled with #41901571_Test samples,1.0003687995574404,0.9977872026553568,0.9974184030979164,-0.00018439977872638697,,,,,,,,,,,,,,Fabien Cichonski,2020-02-18,Fabien Cichonski,2020-02-18,,,,,,
d58803e2-8cd1-460b-be2d-7d4257cf3429,2020-01-30 15:08:28 EST,2020-02-18 11:10:51 EST,fabien.cichonski@etu.univ-amu.fr,fabien.cichonski@etu.univ-amu.fr,2020-01-30 15:18:04 EST,2020-02-18 11:01:14 EST,10,verified,2019-Crofts-PhD-UdeS,,,,,61272450,Fabien Cichonski,,2020-01-30,(F),1.0048468063008482,0.9991344988748486,0.9980958975246668,0.00017310022503603888,,,,,,,,,,,,,,Fabien Cichonski,2020-02-18,,,,,,,,
f8a3e9bb-a3dd-48a9-b276-65571cd2f3a5,2020-02-03 09:28:08 EST,2020-02-18 11:24:19 EST,fabien.cichonski@etu.univ-amu.fr,fabien.cichonski@etu.univ-amu.fr,2020-02-03 10:08:08 EST,2020-02-18 11:14:44 EST,9,verified,2019-Crofts-PhD-UdeS,,,,,61597631,Fabien Cichonski,,2020-02-03,(G),1.0036490008688097,0.9994787141615986,0.9979148566463945,-0.00017376194612721846,,,,,,,,,,,,,,Fabien Cichonski,2020-02-18,,,,,,,,
ea62b82e-68d9-4b77-bf24-74158159230a,2020-02-04 13:29:43 EST,2020-02-24 12:09:53 EST,fabien.cichonski@etu.univ-amu.fr,fabien.cichonski@etu.univ-amu.fr,2020-02-04 13:59:17 EST,2020-02-24 12:00:12 EST,8,verified,2019-Crofts-PhD-UdeS,,,,,61698525,Fabien Cichonski,,2020-02-04,(H),1.004042179261863,0.9984182776801408,0.9977152899824253,0.0001757469244346567,,,,,,,,,,,,,,Fabien Cichonski,2020-02-24,,,,,,,,
66ffa0a9-8d80-4966-8434-270e8ecd8c92,2020-02-05 12:05:21 EST,2020-02-24 12:16:36 EST,fabien.cichonski@etu.univ-amu.fr,fabien.cichonski@etu.univ-amu.fr,2020-02-05 12:06:06 EST,2020-02-24 12:06:54 EST,11,verified,2019-Crofts-PhD-UdeS,,,,,61779863,Fabien Cichonski,,2020-02-05,(I),1.0023436091581037,0.9992788894898144,0.9980169460969894,0.0005408328826444088,,,,,,,,,,,,,,Fabien Cichonski,2020-02-24,,,,,,,,
3252ea03-469b-46fa-a682-cba7c2bd6e5a,2020-02-06 14:49:28 EST,2020-02-18 10:45:40 EST,fabien.cichonski@etu.univ-amu.fr,fabien.cichonski@etu.univ-amu.fr,2020-02-06 15:06:21 EST,2020-02-18 10:36:04 EST,5,verified,CABO-test,,,,,61876110,Fabien Cichonski,,2020-02-06,(D) - #41901571_Test samples,1.0003687995574404,0.9977872026553568,0.9974184030979164,-0.00018439977872638697,,,,,,,,,,,,,,Fabien Cichonski,2020-02-18,,,,,,,,
e1bd789d-e732-472c-a931-bf863c93c74d,2020-02-07 10:21:13 EST,2020-02-24 12:27:11 EST,fabien.cichonski@etu.univ-amu.fr,fabien.cichonski@etu.univ-amu.fr,2020-02-07 10:22:49 EST,2020-02-24 12:17:30 EST,10,verified,2018-Hacker-PhD-UBC,,,,,61946415,Fabien Cichonski,,2020-02-07,(J) - CGOP 2018,1.0020711080428029,0.9987918536416982,0.9981014842940974,-0.0012081463583050074,,,,,,,,,,,,,,Fabien Cichonski,2020-02-24,,,,,,,,
06446709-ef56-4019-928f-48ef7eca3b25,2020-02-07 14:24:25 EST,2020-02-24 12:30:40 EST,fabien.cichonski@etu.univ-amu.fr,fabien.cichonski@etu.univ-amu.fr,2020-02-07 14:29:56 EST,2020-02-24 12:20:59 EST,11,verified,2018-Hacker-PhD-UBC,,,,,61961007,Fabien Cichonski,,2020-02-07,(K) - CGOP 2018,0.999297135828501,0.9966613951853804,0.9966613951853804,0.0010542962572458296,,,,,,,,,,,,,,Fabien Cichonski,2020-02-24,,,,,,,,
d34872ad-2996-402f-864f-430b983cc42b,2020-02-10 15:16:47 EST,2020-02-28 15:34:54 EST,fabien.cichonski@etu.univ-amu.fr,fabien.cichonski@etu.univ-amu.fr,2020-02-10 15:24:52 EST,2020-02-28 15:25:07 EST,11,verified,2018-Hacker-PhD-UBC,,,,,62223349,Fabien Cichonski,,2020-02-10,(L) - CGOP 2018,1.005226480836237,0.9963414634146341,0.996864111498258,0.00017421602786796904,,,,,,,,,,,,,,Fabien Cichonski,2020-02-28,,,,,,,,
fb99eb4c-a6ad-47cd-adbd-e1b8f95e2c2e,2020-02-10 15:45:44 EST,2020-02-28 15:39:47 EST,fabien.cichonski@etu.univ-amu.fr,fabien.cichonski@etu.univ-amu.fr,2020-02-10 15:52:22 EST,2020-02-28 15:30:00 EST,7,verified,2019-Crofts-PhD-UdeS,,,,,62225086,Fabien Cichonski,,2020-02-10,(L) - batch coupled with samples from Hacker CGOP project,1.005226480836237,0.9963414634146341,0.996864111498258,0.00017421602786796904,,,,,,,,,,,,,,Fabien Cichonski,2020-02-28,,,,,,,,
29e6be2d-eda9-4373-8cc4-421764b67103,2020-02-13 15:24:31 EST,2020-02-28 15:51:33 EST,fabien.cichonski@etu.univ-amu.fr,fabien.cichonski@etu.univ-amu.fr,2020-02-13 15:44:13 EST,2020-02-28 15:41:47 EST,10,verified,2018-Hacker-PhD-UBC,,,,,62483013,Fabien Cichonski,,2020-02-13,(M),1.0001847745750185,0.9972283813747227,0.9964892830746489,-0.00018477457501148232,,,,,,,,,,,,,,Fabien Cichonski,2020-02-28,,,,,,,,
26660e78-65db-477e-94be-be9e723bc61d,2020-02-17 13:56:58 EST,2020-02-28 16:10:29 EST,fabien.cichonski@etu.univ-amu.fr,fabien.cichonski@etu.univ-amu.fr,2020-02-17 13:59:14 EST,2020-02-28 16:00:42 EST,4,verified,2018-Hacker-PhD-UBC,,,,,62823360,Fabien Cichonski,,2020-02-17,(N) - batch coupled with samples from Blanchard and Crofts projects,1.0034338038916444,0.9973292636398322,0.9971384967569631,0.0017169019458249813,,,,,,,,,,,,,,Fabien Cichonski,2020-02-28,,,,,,,,
f094a89b-b64a-4d80-b559-350e22662046,2020-02-17 14:00:23 EST,2020-03-02 15:05:14 EST,fabien.cichonski@etu.univ-amu.fr,fabien.cichonski@etu.univ-amu.fr,2020-02-17 14:06:43 EST,2020-03-02 14:55:24 EST,5,verified,2019-Crofts-PhD-UdeS,,,,,62823565,Fabien Cichonski,,2020-02-17,(N) - batch coupled with samples from Hacker and Blanchard projects,1.0034338038916444,0.9973292636398322,0.9971384967569631,0.0017169019458249813,,,,,,,,,,,,,,Fabien Cichonski,2020-03-02,,,,,,,,
496c722e-382e-49bb-922e-be9114385ba3,2020-02-17 14:05:40 EST,2020-03-02 15:12:41 EST,fabien.cichonski@etu.univ-amu.fr,fabien.cichonski@etu.univ-amu.fr,2020-02-17 14:06:44 EST,2020-03-02 15:02:51 EST,5,verified,2019-Blanchard-MSc-UdeM,,,,,62823883,Fabien Cichonski,,2020-02-17,(N) - batch coupled with samples from Hacker and Crofts projects,1.0034338038916444,0.9973292636398322,0.9971384967569631,0.0017169019458249813,,,,,,,,,,,,,,Fabien Cichonski,2020-03-02,,,,,,,,
aa390425-2ad8-432a-a19d-43336a98d2d5,2020-02-18 15:09:35 EST,2020-03-02 15:21:41 EST,fabien.cichonski@etu.univ-amu.fr,fabien.cichonski@etu.univ-amu.fr,2020-02-18 15:22:36 EST,2020-03-02 15:11:51 EST,8,verified,2019-Crofts-PhD-UdeS,,,,,62914117,Fabien Cichonski,,2020-02-18,(O),1.0024492652204338,0.9979006298110568,0.9972008397480755,-0.0005248425472283907,,,,,,,,,,,,,,Fabien Cichonski,2020-03-02,,,,,,,,
1ed63ab0-1d8e-4eeb-b528-6d0ae353a135,2020-02-19 15:11:09 EST,2020-03-06 16:49:04 EST,fabien.cichonski@etu.univ-amu.fr,fabien.cichonski@etu.univ-amu.fr,2020-02-19 15:37:33 EST,2020-03-06 16:39:09 EST,10,verified,2019-Crofts-PhD-UdeS,,,,,63000611,Fabien Cichonski,,2020-02-19,P - batch coupled with samples from CABO-Gen project,1.008325952170062,1.004074402125775,1.0024800708591672,0.0007085916740587656,,,,,,,,,,,,,,Fabien Cichonski,2020-03-06,,,,,,,,
cd523fb8-9a0e-48e4-880e-0c86988a0d8a,2020-02-19 15:36:51 EST,2020-03-06 16:50:41 EST,fabien.cichonski@etu.univ-amu.fr,fabien.cichonski@etu.univ-amu.fr,2020-02-19 15:37:34 EST,2020-03-06 16:40:46 EST,6,verified,2019-CABO-General,,,,,63002153,Fabien Cichonski,,2020-02-19,P - batch coupled with samples from Crofts project - Weight problems with Alnus incana samples (3 samples to be redone),1.008325952170062,1.004074402125775,1.0024800708591672,0.0007085916740587656,,,,,,,,,,,,,,Fabien Cichonski,2020-03-06,,,,,,,,
0fe69807-1761-4ed1-a45e-a93703d0e92b,2020-02-21 15:48:34 EST,2020-03-06 15:58:12 EST,fabien.cichonski@etu.univ-amu.fr,fabien.cichonski@etu.univ-amu.fr,2020-02-21 15:55:44 EST,2020-03-06 15:48:18 EST,10,verified,2019-CABO-General,,,,,63175656,Fabien Cichonski,,2020-02-21,(Q),1.0050129645635264,1.0008643042350907,1.0005185825410543,0.00017286084701160627,,,,,,,,,,,,,,Fabien Cichonski,2020-03-06,,,,,,,,
17224c56-3faf-4257-8190-d9b5449b0eb2,2020-02-24 14:53:45 EST,2020-03-06 16:04:44 EST,fabien.cichonski@etu.univ-amu.fr,fabien.cichonski@etu.univ-amu.fr,2020-02-24 14:55:25 EST,2020-03-06 15:54:49 EST,7,verified,2019-CABO-General,,,,,63431567,Fabien Cichonski,,2020-02-24,(R) - batch coupled with samples from phragmites project,1.0011988354170236,0.9977735913683851,0.9965747559513616,-0.0005137866073006568,,,,,,,,,,,,,,Fabien Cichonski,2020-03-06,,,,,,,,
ef1f97b0-0a52-413a-b887-c5bd4562df08,2020-02-24 14:54:42 EST,2020-03-06 16:08:45 EST,fabien.cichonski@etu.univ-amu.fr,fabien.cichonski@etu.univ-amu.fr,2020-02-24 14:55:25 EST,2020-03-06 15:58:50 EST,7,verified,2019-Phragmites-temporal,,,,,63431624,Fabien Cichonski,,2020-02-24,(R) - batch coupled with samples from Cabo Gen project,1.0011988354170236,0.9977735913683851,0.9965747559513616,-0.0005137866073006568,,,,,,,,,,,,,,Fabien Cichonski,2020-03-06,,,,,,,,
324f5d08-1eed-4215-97c9-e9d931cec6a0,2020-02-25 14:52:05 EST,2020-03-06 16:47:49 EST,fabien.cichonski@etu.univ-amu.fr,fabien.cichonski@etu.univ-amu.fr,2020-02-25 15:10:19 EST,2020-03-06 16:37:54 EST,9,verified,2019-Phragmites-temporal,,,,,63517867,Fabien Cichonski,,2020-02-25,(S),0.9996539193632117,0.9968852742689046,0.9975774355424815,0.00034608063678756514,,,,,,,,,,,,,,Fabien Cichonski,2020-03-06,,,,,,,,
8eda1539-f87d-4902-866b-bb9c191097e0,2020-02-26 10:38:45 EST,2020-03-10 15:25:00 EDT,fabien.cichonski@etu.univ-amu.fr,fabien.cichonski@etu.univ-amu.fr,2020-02-26 10:45:59 EST,2020-03-10 15:15:02 EDT,9,verified,2019-Phragmites-temporal,,,,,63589067,Fabien Cichonski,,2020-02-26,(T),1.0010779734099893,0.9971254042400288,0.9967660797700323,0.00017966223500416755,,,,,,,,,,,,,,Fabien Cichonski,2020-03-10,,,,,,,,
cb5cceec-114e-4993-9ee2-a3ad109ce641,2020-02-27 15:41:50 EST,2020-03-03 10:27:42 EST,fabien.cichonski@etu.univ-amu.fr,fabien.cichonski@etu.univ-amu.fr,2020-02-27 15:50:47 EST,2020-03-03 10:27:47 EST,6,pending,2019-Phragmites-temporal,,,,,63693653,Fabien Cichonski,,2020-02-27,(U),,,,,,,,,,,,,,,,,,,,,,,,,,,
b1afbc4b-b12d-4ca2-9de1-400586e45aa9,2020-03-03 15:23:15 EST,2020-03-05 13:01:41 EST,fabien.cichonski@etu.univ-amu.fr,fabien.cichonski@etu.univ-amu.fr,2020-03-03 15:30:16 EST,2020-03-05 13:01:48 EST,4,pending,2019-Phragmites-temporal,,,,,64124537,Fabien Cichonski,,2020-03-03,(V),,,,,,,,,,,,,,,,,,,,,,,,,,,
d80f0515-2efa-469c-a0c0-a2950e641cf3,2020-03-05 15:33:03 EST,2020-03-06 13:54:13 EST,fabien.cichonski@etu.univ-amu.fr,fabien.cichonski@etu.univ-amu.fr,2020-03-05 15:43:41 EST,2020-03-06 13:54:19 EST,3,pending,2019-Phragmites-temporal,,,,,64297925,Fabien Cichonski,,2020-03-05,(W),,,,,,,,,,,,,,,,,,,,,,,,,,,
7ac7f9a7-0440-427f-b631-b01ec1ab5bf8,2020-03-09 09:56:20 EDT,2020-03-09 14:41:33 EDT,fabien.cichonski@etu.univ-amu.fr,fabien.cichonski@etu.univ-amu.fr,2020-03-09 10:14:19 EDT,2020-03-09 14:41:40 EDT,5,pending,2019-Phragmites-temporal,,,,,64619722,Fabien Cichonski,,2020-03-09,(X) - batch coupled with 3 samples from Cabo Gen,,,,,,,,,,,,,,,,,,,,,,,,,,,
7402ccb0-6433-4a25-b2c9-2007f7b9fbfd,2020-03-09 10:42:24 EDT,2020-03-09 10:47:34 EDT,fabien.cichonski@etu.univ-amu.fr,fabien.cichonski@etu.univ-amu.fr,2020-03-09 10:45:48 EDT,2020-03-09 10:47:41 EDT,2,pending,2019-CABO-General,,,,,64622486,Fabien Cichonski,,2020-03-09,(X) - Second test for 3 Alnus incana samples - batch coupled with samples from Phragmites project,,,,,,,,,,,,,,,,,,,,,,,,,,,
00736f6f-4b76-48a6-89c7-bead6ef7043e,2020-03-12 13:57:44 EDT,2020-03-18 15:42:17 EDT,fabien.cichonski@etu.univ-amu.fr,fabien.cichonski@etu.univ-amu.fr,2020-03-12 14:00:38 EDT,2020-03-18 15:42:13 EDT,4,pending,2019-Phragmites-temporal,,,,,64893406,Fabien Cichonski,,2020-03-12,(Y),,,,,,,,,,,,,,,,,,,,,,,,,,,
868cd477-0cb8-4c6e-a6b2-df902e81fb56,2020-03-12 16:03:27 EDT,2020-03-18 15:42:37 EDT,fabien.cichonski@etu.univ-amu.fr,fabien.cichonski@etu.univ-amu.fr,2020-03-12 16:16:41 EDT,2020-03-18 15:42:33 EDT,6,pending,2019-Phragmites-temporal,,,,,64900950,Fabien Cichonski,,2020-03-12,(Z),,,,,,,,,,,,,,,,,,,,,,,,,,,
95cc7648-78bf-4459-abd5-4120975f10fd,2020-03-20 16:02:43 EDT,2020-03-20 16:03:47 EDT,demers.t.sabrina@gmail.com,demers.t.sabrina@gmail.com,2020-03-20 16:02:45 EDT,2020-03-20 16:03:49 EDT,2,verified,2019-CABO-General,,,,,65591691,Fabien Cichonski,,2020-01-13,(IX) Batch CABO-gen pour 2 échantillons initialement dans le batch 59804706 Blanchard,1.00237569998303,0.9977939928729,0.997454607161038,0.00033938571186074,,,,,,,,,,,,,,Sabrina Demers-Thibeault,2020-03-20,,,,,,,,
7ef5cd1f-4db7-46cd-ac28-d6b6e81c00ba,2020-03-26 14:33:56 EDT,2020-03-26 14:35:51 EDT,demers.t.sabrina@gmail.com,demers.t.sabrina@gmail.com,2020-03-26 14:33:57 EDT,2020-03-26 14:35:52 EDT,2,pending,CABO-test,,,,,66104913,Sabrina Demers-Thibeault,,2020-03-26,test pour valeur récalcitrant batch 58936760 blank et sac numéro 6,1.0013726835964312,0.9977693891557996,0.9975978037062457,0.0012010981468804415,,,,,,,,,,,,,,,,,,,,,,,
